{"cameraMode":{"drawMode":0,"name":"Shaded","section":"Shading Mode"},"sceneLighting":false,"audioPlay":false,"sceneViewState":{"m_AlwaysRefresh":false,"showFog":true,"showSkybox":false,"showFlares":true,"showImageEffects":true,"showParticleSystems":true,"showVisualEffectGraphs":true,"m_FxEnabled":true},"in2DMode":false,"pivot":{"x":-0.11014679074287415,"y":0.7612564563751221,"z":0.19906511902809144},"rotation":{"x":-0.01386339869350195,"y":-0.968629777431488,"z":0.24198435246944428,"w":-0.05552631989121437},"size":1.0528225898742676,"orthographic":false}