{"cameraMode":{"drawMode":0,"name":"Shaded","section":"Shading Mode"},"sceneLighting":false,"audioPlay":false,"sceneViewState":{"m_AlwaysRefresh":false,"showFog":true,"showSkybox":false,"showFlares":true,"showImageEffects":true,"showParticleSystems":true,"showVisualEffectGraphs":true,"m_FxEnabled":true},"in2DMode":false,"pivot":{"x":-0.13650813698768617,"y":0.7652244567871094,"z":0.16455164551734925},"rotation":{"x":-0.01386339869350195,"y":-0.968629777431488,"z":0.24198435246944428,"w":-0.05552631989121437},"size":0.9747170209884644,"orthographic":false}