{"cameraMode":{"drawMode":0,"name":"Shaded","section":"Shading Mode"},"sceneLighting":false,"audioPlay":false,"sceneViewState":{"m_AlwaysRefresh":false,"showFog":true,"showSkybox":false,"showFlares":true,"showImageEffects":true,"showParticleSystems":true,"showVisualEffectGraphs":true,"m_FxEnabled":true},"in2DMode":false,"pivot":{"x":-0.3239681124687195,"y":0.8194904327392578,"z":-0.5226541757583618},"rotation":{"x":0.007603038102388382,"y":-0.990527331829071,"z":0.061302267014980319,"w":0.12274634838104248},"size":0.9168424010276794,"orthographic":false}