{"cameraMode":{"drawMode":0,"name":"Shaded","section":"Shading Mode"},"sceneLighting":true,"audioPlay":false,"sceneViewState":{"m_AlwaysRefresh":false,"showFog":true,"showSkybox":true,"showFlares":true,"showImageEffects":true,"showParticleSystems":true,"showVisualEffectGraphs":true,"m_FxEnabled":true},"in2DMode":false,"pivot":{"x":14.640000343322754,"y":2.0799999237060549,"z":-12.130000114440918},"rotation":{"x":-0.09744834899902344,"y":0.8619641661643982,"z":-0.18129833042621613,"w":-0.4633096158504486},"size":1.2247449159622193,"orthographic":false}