{"cameraMode":{"drawMode":0,"name":"Shaded","section":"Shading Mode"},"sceneLighting":true,"audioPlay":false,"sceneViewState":{"m_AlwaysRefresh":false,"showFog":true,"showSkybox":true,"showFlares":true,"showImageEffects":true,"showParticleSystems":true,"showVisualEffectGraphs":true,"m_FxEnabled":true},"in2DMode":false,"pivot":{"x":18.099407196044923,"y":1.760027289390564,"z":-21.08978271484375},"rotation":{"x":0.016489936038851739,"y":-0.8904057145118713,"z":0.03234133496880531,"w":0.45374274253845217},"size":7.626307010650635,"orthographic":false}